Version,Platform,Released,VirusTotal
[`8.0.1` {octicon}`link-external`](https://github.com/kdeldycke/meta-package-manager/releases/tag/v8.0.1),[{octicon}`download` `linux-arm64`](https://github.com/kdeldycke/meta-package-manager/releases/download/v8.0.1/meta-package-manager-8.0.1-linux-arm64.bin),2026-09-23,[{octicon}`shield-check;1em;sd-text-success`](https://www.virustotal.com/gui/file/485b3f37839135c73447b04b97557a4bed777b49a3f809f75b96c8b5140bc433)
[`8.0.1` {octicon}`link-external`](https://github.com/kdeldycke/meta-package-manager/releases/tag/v8.0.1),[{octicon}`download` `linux-x64`](https://github.com/kdeldycke/meta-package-manager/releases/download/v8.0.1/meta-package-manager-8.0.1-linux-x64.bin),2026-09-23,[{octicon}`shield-check;1em;sd-text-success`](https://www.virustotal.com/gui/file/96d0fc65aba3c1d26af340862a70bc92b15aac43b454c3823b603e302393a194)
[`8.0.1` {octicon}`link-external`](https://github.com/kdeldycke/meta-package-manager/releases/tag/v8.0.1),[{octicon}`download` `macos-arm64`](https://github.com/kdeldycke/meta-package-manager/releases/download/v8.0.1/meta-package-manager-8.0.1-macos-arm64.bin),2026-09-23,[{octicon}`shield;1em;sd-text-warning` 1.6%](https://www.virustotal.com/gui/file/a03538b23e20b865d4de3f26bb9ca0ce1af2f6f652239c3c3dbd29a969234b83)
[`8.0.1` {octicon}`link-external`](https://github.com/kdeldycke/meta-package-manager/releases/tag/v8.0.1),[{octicon}`download` `macos-x64`](https://github.com/kdeldycke/meta-package-manager/releases/download/v8.0.1/meta-package-manager-8.0.1-macos-x64.bin),2026-09-23,[{octicon}`shield-check;1em;sd-text-success`](https://www.virustotal.com/gui/file/a75bbce996e6700008bad34b58168aba72c5d070f7b23427c42c6a5270be7071)
[`8.0.1` {octicon}`link-external`](https://github.com/kdeldycke/meta-package-manager/releases/tag/v8.0.1),[{octicon}`download` `windows-arm64`](https://github.com/kdeldycke/meta-package-manager/releases/download/v8.0.1/meta-package-manager-8.0.1-windows-arm64.exe),2026-09-23,[{octicon}`shield;1em;sd-text-warning` 1.5%](https://www.virustotal.com/gui/file/3d930495dec39cab686fc4eb5497c752ebe921962ec88f089c7898b7393156c9)
[`8.0.1` {octicon}`link-external`](https://github.com/kdeldycke/meta-package-manager/releases/tag/v8.0.1),[{octicon}`download` `windows-x64`](https://github.com/kdeldycke/meta-package-manager/releases/download/v8.0.1/meta-package-manager-8.0.1-windows-x64.exe),2026-09-23,[{octicon}`shield;1em;sd-text-danger` 22.5%](https://www.virustotal.com/gui/file/e54baba6122dbc376474fe298ea21afe0bbcdf94246cd046f16472baa497851b)
[`8.0.0` {octicon}`link-external`](https://github.com/kdeldycke/meta-package-manager/releases/tag/v8.0.0),[{octicon}`download` `linux-arm64`](https://github.com/kdeldycke/meta-package-manager/releases/download/v8.0.0/meta-package-manager-8.0.0-linux-arm64.bin),2026-09-20,[{octicon}`shield-check;1em;sd-text-success`](https://www.virustotal.com/gui/file/b253d7f24dd3119db0518ad821b249cd1c24b4c9b8cab38bb11e24393aa5ec25)
[`8.0.0` {octicon}`link-external`](https://github.com/kdeldycke/meta-package-manager/releases/tag/v8.0.0),[{octicon}`download` `linux-x64`](https://github.com/kdeldycke/meta-package-manager/releases/download/v8.0.0/meta-package-manager-8.0.0-linux-x64.bin),2026-09-20,[{octicon}`shield-check;1em;sd-text-success`](https://www.virustotal.com/gui/file/03c6f8cce9ef5cf51469d668f956abce8f33c7c596e6727b72db614826da7480)
[`8.0.0` {octicon}`link-external`](https://github.com/kdeldycke/meta-package-manager/releases/tag/v8.0.0),[{octicon}`download` `macos-arm64`](https://github.com/kdeldycke/meta-package-manager/releases/download/v8.0.0/meta-package-manager-8.0.0-macos-arm64.bin),2026-09-20,[{octicon}`shield;1em;sd-text-warning` 1.6%](https://www.virustotal.com/gui/file/afcdd7b977461b652132b11d279aa695c43b59126a08526ac87f9abe7e499fdf)
[`8.0.0` {octicon}`link-external`](https://github.com/kdeldycke/meta-package-manager/releases/tag/v8.0.0),[{octicon}`download` `macos-x64`](https://github.com/kdeldycke/meta-package-manager/releases/download/v8.0.0/meta-package-manager-8.0.0-macos-x64.bin),2026-09-20,[{octicon}`shield;1em;sd-text-warning` 1.6%](https://www.virustotal.com/gui/file/f57e2ef1a7bc8e4639dd06b2d0739314e1575370e59988170029a7d0b1013e30)
[`8.0.0` {octicon}`link-external`](https://github.com/kdeldycke/meta-package-manager/releases/tag/v8.0.0),[{octicon}`download` `windows-arm64`](https://github.com/kdeldycke/meta-package-manager/releases/download/v8.0.0/meta-package-manager-8.0.0-windows-arm64.exe),2026-09-20,[{octicon}`shield;1em;sd-text-warning` 2.9%](https://www.virustotal.com/gui/file/9c4bbc83de1c212d33d984a5cfcaff2293646792773727c8399f9769e7a34fdd)
[`8.0.0` {octicon}`link-external`](https://github.com/kdeldycke/meta-package-manager/releases/tag/v8.0.0),[{octicon}`download` `windows-x64`](https://github.com/kdeldycke/meta-package-manager/releases/download/v8.0.0/meta-package-manager-8.0.0-windows-x64.exe),2026-09-20,[{octicon}`shield;1em;sd-text-danger` 23.2%](https://www.virustotal.com/gui/file/96883897dbd078625f8bcd04ec90c102501f705c70a7efd926c6daebba8a84da)
[`7.6.1` {octicon}`link-external`](https://github.com/kdeldycke/meta-package-manager/releases/tag/v7.6.1),[{octicon}`download` `linux-arm64`](https://github.com/kdeldycke/meta-package-manager/releases/download/v7.6.1/meta-package-manager-7.6.1-linux-arm64.bin),2026-08-11,[{octicon}`shield-check;1em;sd-text-success`](https://www.virustotal.com/gui/file/01092794697b74bbaf3235639213cd04d24f7e9cf6ea9a7704f628b79400e140)
[`7.6.1` {octicon}`link-external`](https://github.com/kdeldycke/meta-package-manager/releases/tag/v7.6.1),[{octicon}`download` `linux-x64`](https://github.com/kdeldycke/meta-package-manager/releases/download/v7.6.1/meta-package-manager-7.6.1-linux-x64.bin),2026-08-11,[{octicon}`shield-check;1em;sd-text-success`](https://www.virustotal.com/gui/file/de58308be281c46cd515ce01af4932ea3b4b5fcbec13d211d987cf463e4014be)
[`7.6.1` {octicon}`link-external`](https://github.com/kdeldycke/meta-package-manager/releases/tag/v7.6.1),[{octicon}`download` `macos-arm64`](https://github.com/kdeldycke/meta-package-manager/releases/download/v7.6.1/meta-package-manager-7.6.1-macos-arm64.bin),2026-08-11,[{octicon}`shield-check;1em;sd-text-success`](https://www.virustotal.com/gui/file/158d6f13bd909bbf4f253dbdd22b270a73b869f181153230146b6fb652baf27f)
[`7.6.1` {octicon}`link-external`](https://github.com/kdeldycke/meta-package-manager/releases/tag/v7.6.1),[{octicon}`download` `macos-x64`](https://github.com/kdeldycke/meta-package-manager/releases/download/v7.6.1/meta-package-manager-7.6.1-macos-x64.bin),2026-08-11,[{octicon}`shield-check;1em;sd-text-success`](https://www.virustotal.com/gui/file/63e082367f109f0d2ae5a5e3f086cfab423bd6d78972440bd85256ce33d8d1f3)
[`7.6.1` {octicon}`link-external`](https://github.com/kdeldycke/meta-package-manager/releases/tag/v7.6.1),[{octicon}`download` `windows-arm64`](https://github.com/kdeldycke/meta-package-manager/releases/download/v7.6.1/meta-package-manager-7.6.1-windows-arm64.exe),2026-08-11,[{octicon}`shield;1em;sd-text-warning` 2.9%](https://www.virustotal.com/gui/file/3766ab116095f538483000b61fce5c2345019962f49f26fe9f8888c376393788)
[`7.6.1` {octicon}`link-external`](https://github.com/kdeldycke/meta-package-manager/releases/tag/v7.6.1),[{octicon}`download` `windows-x64`](https://github.com/kdeldycke/meta-package-manager/releases/download/v7.6.1/meta-package-manager-7.6.1-windows-x64.exe),2026-08-11,[{octicon}`shield;1em;sd-text-danger` 21.7%](https://www.virustotal.com/gui/file/2544b48c6e90bfada2da4a61195267f11cf7c33b7deee7e70ddb355c453a4f0e)
[`7.6.0` {octicon}`link-external`](https://github.com/kdeldycke/meta-package-manager/releases/tag/v7.6.0),[{octicon}`download` `linux-arm64`](https://github.com/kdeldycke/meta-package-manager/releases/download/v7.6.0/meta-package-manager-7.6.0-linux-arm64.bin),2026-08-10,[{octicon}`shield-check;1em;sd-text-success`](https://www.virustotal.com/gui/file/dcbb44584163e57bb3bd3b227ca315e21bb322b7da49e7560a2af6b72dbdfde5)
[`7.6.0` {octicon}`link-external`](https://github.com/kdeldycke/meta-package-manager/releases/tag/v7.6.0),[{octicon}`download` `linux-x64`](https://github.com/kdeldycke/meta-package-manager/releases/download/v7.6.0/meta-package-manager-7.6.0-linux-x64.bin),2026-08-10,[{octicon}`shield-check;1em;sd-text-success`](https://www.virustotal.com/gui/file/fabd1ee18906c79adf8befa738d6f5aefb18103ab2265878a66d9fc7674faf77)
[`7.6.0` {octicon}`link-external`](https://github.com/kdeldycke/meta-package-manager/releases/tag/v7.6.0),[{octicon}`download` `macos-arm64`](https://github.com/kdeldycke/meta-package-manager/releases/download/v7.6.0/meta-package-manager-7.6.0-macos-arm64.bin),2026-08-10,[{octicon}`shield-check;1em;sd-text-success`](https://www.virustotal.com/gui/file/5419998a0ef89eff8cf53582e8892401c265ebfd553791d997402483590982c6)
[`7.6.0` {octicon}`link-external`](https://github.com/kdeldycke/meta-package-manager/releases/tag/v7.6.0),[{octicon}`download` `macos-x64`](https://github.com/kdeldycke/meta-package-manager/releases/download/v7.6.0/meta-package-manager-7.6.0-macos-x64.bin),2026-08-10,[{octicon}`shield-check;1em;sd-text-success`](https://www.virustotal.com/gui/file/d65ae6222eeb62e0d2cb20676dbda05e799df739878d1bf8e8be56848072e6ed)
[`7.6.0` {octicon}`link-external`](https://github.com/kdeldycke/meta-package-manager/releases/tag/v7.6.0),[{octicon}`download` `windows-arm64`](https://github.com/kdeldycke/meta-package-manager/releases/download/v7.6.0/meta-package-manager-7.6.0-windows-arm64.exe),2026-08-10,[{octicon}`shield;1em;sd-text-warning` 4.5%](https://www.virustotal.com/gui/file/a0425e91626e594e637545aa9586a4d8ea1c1bf197503d9c542aafecd965d64d)
[`7.6.0` {octicon}`link-external`](https://github.com/kdeldycke/meta-package-manager/releases/tag/v7.6.0),[{octicon}`download` `windows-x64`](https://github.com/kdeldycke/meta-package-manager/releases/download/v7.6.0/meta-package-manager-7.6.0-windows-x64.exe),2026-08-10,[{octicon}`shield;1em;sd-text-danger` 22.9%](https://www.virustotal.com/gui/file/e6fcfc7677e38237ebc96428691c331b464b94fdb1752437338528a312c52a99)
[`7.5.0` {octicon}`link-external`](https://github.com/kdeldycke/meta-package-manager/releases/tag/v7.5.0),[{octicon}`download` `linux-arm64`](https://github.com/kdeldycke/meta-package-manager/releases/download/v7.5.0/meta-package-manager-7.5.0-linux-arm64.bin),2026-08-03,[{octicon}`shield-check;1em;sd-text-success`](https://www.virustotal.com/gui/file/dd9c772334e6f5c10b9ce6b96d4825b7117d70abe6ddd3551dfdf4933accaa3d)
[`7.5.0` {octicon}`link-external`](https://github.com/kdeldycke/meta-package-manager/releases/tag/v7.5.0),[{octicon}`download` `linux-x64`](https://github.com/kdeldycke/meta-package-manager/releases/download/v7.5.0/meta-package-manager-7.5.0-linux-x64.bin),2026-08-03,[{octicon}`shield-check;1em;sd-text-success`](https://www.virustotal.com/gui/file/97a11d27e5fbdd222226708294544a5dab7c62145da12e9eaeb4f7369a845939)
[`7.5.0` {octicon}`link-external`](https://github.com/kdeldycke/meta-package-manager/releases/tag/v7.5.0),[{octicon}`download` `macos-arm64`](https://github.com/kdeldycke/meta-package-manager/releases/download/v7.5.0/meta-package-manager-7.5.0-macos-arm64.bin),2026-08-03,[{octicon}`shield-check;1em;sd-text-success`](https://www.virustotal.com/gui/file/5f40d51e7fa8b78d781883612c5a485c7964d74bac7e25caa04f562afdccea1c)
[`7.5.0` {octicon}`link-external`](https://github.com/kdeldycke/meta-package-manager/releases/tag/v7.5.0),[{octicon}`download` `macos-x64`](https://github.com/kdeldycke/meta-package-manager/releases/download/v7.5.0/meta-package-manager-7.5.0-macos-x64.bin),2026-08-03,[{octicon}`shield-check;1em;sd-text-success`](https://www.virustotal.com/gui/file/85ecea864d3d2b713d1e5441b6fa98b97ad37d7f518e6f992fffcac2ff2e82dd)
[`7.5.0` {octicon}`link-external`](https://github.com/kdeldycke/meta-package-manager/releases/tag/v7.5.0),[{octicon}`download` `windows-arm64`](https://github.com/kdeldycke/meta-package-manager/releases/download/v7.5.0/meta-package-manager-7.5.0-windows-arm64.exe),2026-08-03,[{octicon}`shield;1em;sd-text-warning` 2.9%](https://www.virustotal.com/gui/file/f32c6ff9fe93d056819f69d13410d3ce7b39269dffc52e40efb56e0e9a6bae09)
[`7.5.0` {octicon}`link-external`](https://github.com/kdeldycke/meta-package-manager/releases/tag/v7.5.0),[{octicon}`download` `windows-x64`](https://github.com/kdeldycke/meta-package-manager/releases/download/v7.5.0/meta-package-manager-7.5.0-windows-x64.exe),2026-08-03,[{octicon}`shield;1em;sd-text-danger` 25.7%](https://www.virustotal.com/gui/file/cb67e3b0e73bb220d7c17f95cd2f4c9f4c1465c898a684194fd411bfe440e927)
[`7.4.1` {octicon}`link-external`](https://github.com/kdeldycke/meta-package-manager/releases/tag/v7.4.1),[{octicon}`download` `linux-arm64`](https://github.com/kdeldycke/meta-package-manager/releases/download/v7.4.1/meta-package-manager-7.4.1-linux-arm64.bin),2026-07-28,[{octicon}`shield-check;1em;sd-text-success`](https://www.virustotal.com/gui/file/ebb5dc027dd316aad38f77ed10fb694b1e490313aee55d534828bb03343a410c)
[`7.4.1` {octicon}`link-external`](https://github.com/kdeldycke/meta-package-manager/releases/tag/v7.4.1),[{octicon}`download` `linux-x64`](https://github.com/kdeldycke/meta-package-manager/releases/download/v7.4.1/meta-package-manager-7.4.1-linux-x64.bin),2026-07-28,[{octicon}`shield-check;1em;sd-text-success`](https://www.virustotal.com/gui/file/8913b724b2ee786b32e5c79288eb181c1c08077194f01eeb974cf3d04d7b8a04)
[`7.4.1` {octicon}`link-external`](https://github.com/kdeldycke/meta-package-manager/releases/tag/v7.4.1),[{octicon}`download` `macos-arm64`](https://github.com/kdeldycke/meta-package-manager/releases/download/v7.4.1/meta-package-manager-7.4.1-macos-arm64.bin),2026-07-28,[{octicon}`shield;1em;sd-text-warning` 1.6%](https://www.virustotal.com/gui/file/4a83b9da0a558099a1aa5ce040c8026872d9a0c5386adbb76a79755b3f80c047)
[`7.4.1` {octicon}`link-external`](https://github.com/kdeldycke/meta-package-manager/releases/tag/v7.4.1),[{octicon}`download` `macos-x64`](https://github.com/kdeldycke/meta-package-manager/releases/download/v7.4.1/meta-package-manager-7.4.1-macos-x64.bin),2026-07-28,[{octicon}`shield;1em;sd-text-warning` 1.6%](https://www.virustotal.com/gui/file/7d6f8e87ab3fcefd01954184f151a080b48ea3fb1e454ba8442090e896275943)
[`7.4.1` {octicon}`link-external`](https://github.com/kdeldycke/meta-package-manager/releases/tag/v7.4.1),[{octicon}`download` `windows-arm64`](https://github.com/kdeldycke/meta-package-manager/releases/download/v7.4.1/meta-package-manager-7.4.1-windows-arm64.exe),2026-07-28,[{octicon}`shield;1em;sd-text-warning` 3.0%](https://www.virustotal.com/gui/file/05417e8db9a5f3848eb7fb2e840b9c62ec59cd8d756e386389a78f6485e5233c)
[`7.4.1` {octicon}`link-external`](https://github.com/kdeldycke/meta-package-manager/releases/tag/v7.4.1),[{octicon}`download` `windows-x64`](https://github.com/kdeldycke/meta-package-manager/releases/download/v7.4.1/meta-package-manager-7.4.1-windows-x64.exe),2026-07-28,[{octicon}`shield;1em;sd-text-danger` 30.9%](https://www.virustotal.com/gui/file/edd004e67240304335ee8b7f67717c5cc1914ebc864ae20d8a5cf37e4fcc82b8)
[`7.4.0` {octicon}`link-external`](https://github.com/kdeldycke/meta-package-manager/releases/tag/v7.4.0),[{octicon}`download` `linux-arm64`](https://github.com/kdeldycke/meta-package-manager/releases/download/v7.4.0/meta-package-manager-7.4.0-linux-arm64.bin),2026-07-25,[{octicon}`shield-check;1em;sd-text-success`](https://www.virustotal.com/gui/file/5fcbebe1ece6fcfb1a6404eb1afb0e578c833f32cfc1e59be4541817a099a371)
[`7.4.0` {octicon}`link-external`](https://github.com/kdeldycke/meta-package-manager/releases/tag/v7.4.0),[{octicon}`download` `linux-x64`](https://github.com/kdeldycke/meta-package-manager/releases/download/v7.4.0/meta-package-manager-7.4.0-linux-x64.bin),2026-07-25,[{octicon}`shield;1em;sd-text-warning` 1.6%](https://www.virustotal.com/gui/file/a3e1e41922637c782d12e2a440f170e243ecc7f1e5a3e23800f28be4149f3a82)
[`7.4.0` {octicon}`link-external`](https://github.com/kdeldycke/meta-package-manager/releases/tag/v7.4.0),[{octicon}`download` `macos-arm64`](https://github.com/kdeldycke/meta-package-manager/releases/download/v7.4.0/meta-package-manager-7.4.0-macos-arm64.bin),2026-07-25,[{octicon}`shield;1em;sd-text-warning` 1.6%](https://www.virustotal.com/gui/file/776295da541ff59db4774875531a51bf1d44709a72cf89c6dd53e49301b133cb)
[`7.4.0` {octicon}`link-external`](https://github.com/kdeldycke/meta-package-manager/releases/tag/v7.4.0),[{octicon}`download` `macos-x64`](https://github.com/kdeldycke/meta-package-manager/releases/download/v7.4.0/meta-package-manager-7.4.0-macos-x64.bin),2026-07-25,[{octicon}`shield-check;1em;sd-text-success`](https://www.virustotal.com/gui/file/5f19e4aafd042b28796a03617fe1d147213a88bc7fae056251c2300ffdb072ca)
[`7.4.0` {octicon}`link-external`](https://github.com/kdeldycke/meta-package-manager/releases/tag/v7.4.0),[{octicon}`download` `windows-arm64`](https://github.com/kdeldycke/meta-package-manager/releases/download/v7.4.0/meta-package-manager-7.4.0-windows-arm64.exe),2026-07-25,[{octicon}`shield;1em;sd-text-warning` 4.5%](https://www.virustotal.com/gui/file/52b4ee21d24118e4481f73a55e0c44064f177f9c47c54bda8155cfd9ce3f9ef2)
[`7.4.0` {octicon}`link-external`](https://github.com/kdeldycke/meta-package-manager/releases/tag/v7.4.0),[{octicon}`download` `windows-x64`](https://github.com/kdeldycke/meta-package-manager/releases/download/v7.4.0/meta-package-manager-7.4.0-windows-x64.exe),2026-07-25,[{octicon}`shield;1em;sd-text-danger` 27.5%](https://www.virustotal.com/gui/file/c87b928e917ef7ae3f0d8b0f09c5a4fd56cfbf021f41b901733655df9d9cd8b1)
[`7.3.0` {octicon}`link-external`](https://github.com/kdeldycke/meta-package-manager/releases/tag/v7.3.0),[{octicon}`download` `linux-arm64`](https://github.com/kdeldycke/meta-package-manager/releases/download/v7.3.0/meta-package-manager-7.3.0-linux-arm64.bin),2026-07-17,[{octicon}`shield-check;1em;sd-text-success`](https://www.virustotal.com/gui/file/c88642ec9e7b04f409bf2693a0ef39d060d223c01338fa559d1650004c353d16)
[`7.3.0` {octicon}`link-external`](https://github.com/kdeldycke/meta-package-manager/releases/tag/v7.3.0),[{octicon}`download` `linux-x64`](https://github.com/kdeldycke/meta-package-manager/releases/download/v7.3.0/meta-package-manager-7.3.0-linux-x64.bin),2026-07-17,[{octicon}`shield-check;1em;sd-text-success`](https://www.virustotal.com/gui/file/410eec40b0e448d1808192e7b6cd2ce8cb38baf7a16321df7c90a44b7b294249)
[`7.3.0` {octicon}`link-external`](https://github.com/kdeldycke/meta-package-manager/releases/tag/v7.3.0),[{octicon}`download` `macos-arm64`](https://github.com/kdeldycke/meta-package-manager/releases/download/v7.3.0/meta-package-manager-7.3.0-macos-arm64.bin),2026-07-17,[{octicon}`shield;1em;sd-text-warning` 1.6%](https://www.virustotal.com/gui/file/c8af19da653bdc88247dc3064b5632c51bb41830d7e4fb410ed45d6b16067f9a)
[`7.3.0` {octicon}`link-external`](https://github.com/kdeldycke/meta-package-manager/releases/tag/v7.3.0),[{octicon}`download` `macos-x64`](https://github.com/kdeldycke/meta-package-manager/releases/download/v7.3.0/meta-package-manager-7.3.0-macos-x64.bin),2026-07-17,[{octicon}`shield-check;1em;sd-text-success`](https://www.virustotal.com/gui/file/6573d37486b323ae2dbf983e5956b30f99688bce55129350ef398b027d071ad3)
[`7.3.0` {octicon}`link-external`](https://github.com/kdeldycke/meta-package-manager/releases/tag/v7.3.0),[{octicon}`download` `windows-arm64`](https://github.com/kdeldycke/meta-package-manager/releases/download/v7.3.0/meta-package-manager-7.3.0-windows-arm64.exe),2026-07-17,[{octicon}`shield;1em;sd-text-warning` 3.0%](https://www.virustotal.com/gui/file/1e20b3e2c1c708bd8dab82b0d40216d423ed41065f81c8ee25818e139be2aade)
[`7.3.0` {octicon}`link-external`](https://github.com/kdeldycke/meta-package-manager/releases/tag/v7.3.0),[{octicon}`download` `windows-x64`](https://github.com/kdeldycke/meta-package-manager/releases/download/v7.3.0/meta-package-manager-7.3.0-windows-x64.exe),2026-07-17,[{octicon}`shield;1em;sd-text-danger` 25.0%](https://www.virustotal.com/gui/file/f9599971f8ef2de992e98cacd96ebfb31bec943014a6cb0a9c8cace14e03b97e)
[`7.2.0` {octicon}`link-external`](https://github.com/kdeldycke/meta-package-manager/releases/tag/v7.2.0),[{octicon}`download` `linux-arm64`](https://github.com/kdeldycke/meta-package-manager/releases/download/v7.2.0/meta-package-manager-7.2.0-linux-arm64.bin),2026-07-09,[{octicon}`shield-check;1em;sd-text-success`](https://www.virustotal.com/gui/file/3f1109a4d253c55d62586bd60b404e0db032bbeac80571dd6015139f90ab5c8e)
[`7.2.0` {octicon}`link-external`](https://github.com/kdeldycke/meta-package-manager/releases/tag/v7.2.0),[{octicon}`download` `linux-x64`](https://github.com/kdeldycke/meta-package-manager/releases/download/v7.2.0/meta-package-manager-7.2.0-linux-x64.bin),2026-07-09,[{octicon}`shield-check;1em;sd-text-success`](https://www.virustotal.com/gui/file/f61a451bf3d7cc47df0c37d71a8a70abeb8da960003321aec3274cb6fb728541)
[`7.2.0` {octicon}`link-external`](https://github.com/kdeldycke/meta-package-manager/releases/tag/v7.2.0),[{octicon}`download` `macos-arm64`](https://github.com/kdeldycke/meta-package-manager/releases/download/v7.2.0/meta-package-manager-7.2.0-macos-arm64.bin),2026-07-09,[{octicon}`shield;1em;sd-text-warning` 1.8%](https://www.virustotal.com/gui/file/df40686010a6fc4d3e327e7ce00a8eaaade465d3f8e2dbe1b5df8dbb28fbb85a)
[`7.2.0` {octicon}`link-external`](https://github.com/kdeldycke/meta-package-manager/releases/tag/v7.2.0),[{octicon}`download` `macos-x64`](https://github.com/kdeldycke/meta-package-manager/releases/download/v7.2.0/meta-package-manager-7.2.0-macos-x64.bin),2026-07-09,[{octicon}`shield-check;1em;sd-text-success`](https://www.virustotal.com/gui/file/7781508d53673c1149ff27a96a953435beed201381ff31bf5e30a116941fa29f)
[`7.2.0` {octicon}`link-external`](https://github.com/kdeldycke/meta-package-manager/releases/tag/v7.2.0),[{octicon}`download` `windows-arm64`](https://github.com/kdeldycke/meta-package-manager/releases/download/v7.2.0/meta-package-manager-7.2.0-windows-arm64.exe),2026-07-09,[{octicon}`shield;1em;sd-text-warning` 3.0%](https://www.virustotal.com/gui/file/36ea1e2e35fd854fa800f6a0daa135ec905f1f3959053d169bdc399c8120fcf9)
[`7.2.0` {octicon}`link-external`](https://github.com/kdeldycke/meta-package-manager/releases/tag/v7.2.0),[{octicon}`download` `windows-x64`](https://github.com/kdeldycke/meta-package-manager/releases/download/v7.2.0/meta-package-manager-7.2.0-windows-x64.exe),2026-07-09,[{octicon}`shield;1em;sd-text-danger` 24.6%](https://www.virustotal.com/gui/file/04510eb885f9e41ca820d9d55e09ffcca882694630ba9a1d0dd07a5976b88dbd)
[`7.1.0` {octicon}`link-external`](https://github.com/kdeldycke/meta-package-manager/releases/tag/v7.1.0),[{octicon}`download` `linux-arm64`](https://github.com/kdeldycke/meta-package-manager/releases/download/v7.1.0/meta-package-manager-7.1.0-linux-arm64.bin),2026-07-07,[{octicon}`shield-check;1em;sd-text-success`](https://www.virustotal.com/gui/file/96ca67ff9076615e6b6859e6682a759c151b2c025c47e2fbdc71db3646f1fa8c)
[`7.1.0` {octicon}`link-external`](https://github.com/kdeldycke/meta-package-manager/releases/tag/v7.1.0),[{octicon}`download` `linux-x64`](https://github.com/kdeldycke/meta-package-manager/releases/download/v7.1.0/meta-package-manager-7.1.0-linux-x64.bin),2026-07-07,[{octicon}`shield-check;1em;sd-text-success`](https://www.virustotal.com/gui/file/0378712e7bdb2e0127352499210a44d3551dd276dca7c7f3e9b5fe86e9ecb413)
[`7.1.0` {octicon}`link-external`](https://github.com/kdeldycke/meta-package-manager/releases/tag/v7.1.0),[{octicon}`download` `macos-arm64`](https://github.com/kdeldycke/meta-package-manager/releases/download/v7.1.0/meta-package-manager-7.1.0-macos-arm64.bin),2026-07-07,[{octicon}`shield;1em;sd-text-warning` 3.3%](https://www.virustotal.com/gui/file/7261ba608808a73be305cd5d1021487f6726acb650a742db2459fe0690a5c59e)
[`7.1.0` {octicon}`link-external`](https://github.com/kdeldycke/meta-package-manager/releases/tag/v7.1.0),[{octicon}`download` `macos-x64`](https://github.com/kdeldycke/meta-package-manager/releases/download/v7.1.0/meta-package-manager-7.1.0-macos-x64.bin),2026-07-07,[{octicon}`shield-check;1em;sd-text-success`](https://www.virustotal.com/gui/file/4dd2008a0551f3393620de60dd711fb62432924bb2e5555fc6514a1a6dcbd753)
[`7.1.0` {octicon}`link-external`](https://github.com/kdeldycke/meta-package-manager/releases/tag/v7.1.0),[{octicon}`download` `windows-arm64`](https://github.com/kdeldycke/meta-package-manager/releases/download/v7.1.0/meta-package-manager-7.1.0-windows-arm64.exe),2026-07-07,[{octicon}`shield;1em;sd-text-warning` 3.0%](https://www.virustotal.com/gui/file/54d80efaece399ea56602ec73121902a22766d52788b3736811751604fa15dfb)
[`7.1.0` {octicon}`link-external`](https://github.com/kdeldycke/meta-package-manager/releases/tag/v7.1.0),[{octicon}`download` `windows-x64`](https://github.com/kdeldycke/meta-package-manager/releases/download/v7.1.0/meta-package-manager-7.1.0-windows-x64.exe),2026-07-07,[{octicon}`shield;1em;sd-text-danger` 18.0%](https://www.virustotal.com/gui/file/de3539509d8db9317f0fbdcecdf21abe64220b61c24a07fca1fee0f99070a4c7)
[`7.0.1` {octicon}`link-external`](https://github.com/kdeldycke/meta-package-manager/releases/tag/v7.0.1),[{octicon}`download` `linux-arm64`](https://github.com/kdeldycke/meta-package-manager/releases/download/v7.0.1/meta-package-manager-7.0.1-linux-arm64.bin),2026-06-27,[{octicon}`shield-check;1em;sd-text-success`](https://www.virustotal.com/gui/file/b73ccd4b969d5928db34aef69d23dbd8a2af43e8347ba97b12b1babc9adf8809)
[`7.0.1` {octicon}`link-external`](https://github.com/kdeldycke/meta-package-manager/releases/tag/v7.0.1),[{octicon}`download` `linux-x64`](https://github.com/kdeldycke/meta-package-manager/releases/download/v7.0.1/meta-package-manager-7.0.1-linux-x64.bin),2026-06-27,[{octicon}`shield-check;1em;sd-text-success`](https://www.virustotal.com/gui/file/c8c3fe35d0e0a56f867b80d3ee6d90cb2023e50a9f0626a91f49dffe5a3b56d5)
[`7.0.1` {octicon}`link-external`](https://github.com/kdeldycke/meta-package-manager/releases/tag/v7.0.1),[{octicon}`download` `macos-arm64`](https://github.com/kdeldycke/meta-package-manager/releases/download/v7.0.1/meta-package-manager-7.0.1-macos-arm64.bin),2026-06-27,[{octicon}`shield;1em;sd-text-warning` 1.6%](https://www.virustotal.com/gui/file/3fed30707ede80a6b32ac8f1f66723c71347c5cb17222131226340e951e583f2)
[`7.0.1` {octicon}`link-external`](https://github.com/kdeldycke/meta-package-manager/releases/tag/v7.0.1),[{octicon}`download` `macos-x64`](https://github.com/kdeldycke/meta-package-manager/releases/download/v7.0.1/meta-package-manager-7.0.1-macos-x64.bin),2026-06-27,[{octicon}`shield-check;1em;sd-text-success`](https://www.virustotal.com/gui/file/12d94b43e78f6cdcb9c2ef353070067da32f8acc4fa99ee21b3d06152b77c2e3)
[`7.0.1` {octicon}`link-external`](https://github.com/kdeldycke/meta-package-manager/releases/tag/v7.0.1),[{octicon}`download` `windows-arm64`](https://github.com/kdeldycke/meta-package-manager/releases/download/v7.0.1/meta-package-manager-7.0.1-windows-arm64.exe),2026-06-27,[{octicon}`shield;1em;sd-text-warning` 2.9%](https://www.virustotal.com/gui/file/0f0560090fd3dc3f5e4bea9d33f07896aa304e0c714da39f8fe3259d9ce07a83)
[`7.0.1` {octicon}`link-external`](https://github.com/kdeldycke/meta-package-manager/releases/tag/v7.0.1),[{octicon}`download` `windows-x64`](https://github.com/kdeldycke/meta-package-manager/releases/download/v7.0.1/meta-package-manager-7.0.1-windows-x64.exe),2026-06-27,[{octicon}`shield;1em;sd-text-danger` 17.1%](https://www.virustotal.com/gui/file/5537197ce14f7ce945f2510f0d0d49e3498d0047612aa608cc46699c954635e6)
[`7.0.0` {octicon}`link-external`](https://github.com/kdeldycke/meta-package-manager/releases/tag/v7.0.0),[{octicon}`download` `linux-arm64`](https://github.com/kdeldycke/meta-package-manager/releases/download/v7.0.0/meta-package-manager-7.0.0-linux-arm64.bin),2026-06-26,[{octicon}`shield-check;1em;sd-text-success`](https://www.virustotal.com/gui/file/095130111eae0223d59a8adc431913a15211e587fb6b8624cad3dd1805786cf9)
[`7.0.0` {octicon}`link-external`](https://github.com/kdeldycke/meta-package-manager/releases/tag/v7.0.0),[{octicon}`download` `linux-x64`](https://github.com/kdeldycke/meta-package-manager/releases/download/v7.0.0/meta-package-manager-7.0.0-linux-x64.bin),2026-06-26,[{octicon}`shield-check;1em;sd-text-success`](https://www.virustotal.com/gui/file/f7572b1a14089b0f0fd60ee9ddb403e24ee06e4a2efc6384af32e46a6cd5d05b)
[`7.0.0` {octicon}`link-external`](https://github.com/kdeldycke/meta-package-manager/releases/tag/v7.0.0),[{octicon}`download` `macos-arm64`](https://github.com/kdeldycke/meta-package-manager/releases/download/v7.0.0/meta-package-manager-7.0.0-macos-arm64.bin),2026-06-26,[{octicon}`shield;1em;sd-text-warning` 1.6%](https://www.virustotal.com/gui/file/475f3719146359d6efc2388ee31268d476c3f4e2bfa1ab4e042376fe279f6736)
[`7.0.0` {octicon}`link-external`](https://github.com/kdeldycke/meta-package-manager/releases/tag/v7.0.0),[{octicon}`download` `macos-x64`](https://github.com/kdeldycke/meta-package-manager/releases/download/v7.0.0/meta-package-manager-7.0.0-macos-x64.bin),2026-06-26,[{octicon}`shield-check;1em;sd-text-success`](https://www.virustotal.com/gui/file/1861a0a426318b080bf48ba7fb3fd0d64f2cd54b98133deae5867c33f34bab93)
[`7.0.0` {octicon}`link-external`](https://github.com/kdeldycke/meta-package-manager/releases/tag/v7.0.0),[{octicon}`download` `windows-arm64`](https://github.com/kdeldycke/meta-package-manager/releases/download/v7.0.0/meta-package-manager-7.0.0-windows-arm64.exe),2026-06-26,[{octicon}`shield;1em;sd-text-warning` 4.4%](https://www.virustotal.com/gui/file/9c18cbba521880e18c14d1301cc421218cd3d2182702e8f5518b25452717c96d)
[`7.0.0` {octicon}`link-external`](https://github.com/kdeldycke/meta-package-manager/releases/tag/v7.0.0),[{octicon}`download` `windows-x64`](https://github.com/kdeldycke/meta-package-manager/releases/download/v7.0.0/meta-package-manager-7.0.0-windows-x64.exe),2026-06-26,[{octicon}`shield;1em;sd-text-danger` 17.1%](https://www.virustotal.com/gui/file/09e95096b5cb4616a2f4dee02b350f783a81d9eaba97348613b10bc7089b8a99)
[`6.6.0` {octicon}`link-external`](https://github.com/kdeldycke/meta-package-manager/releases/tag/v6.6.0),[{octicon}`download` `linux-arm64`](https://github.com/kdeldycke/meta-package-manager/releases/download/v6.6.0/mpm-6.6.0-linux-arm64.bin),2026-06-17,[{octicon}`shield-check;1em;sd-text-success`](https://www.virustotal.com/gui/file/3809e4e3c0e3ec9bb1eee3a9ac75c5c26f9f2ad79b58209ae41ffc2c9b8f05ef)
[`6.6.0` {octicon}`link-external`](https://github.com/kdeldycke/meta-package-manager/releases/tag/v6.6.0),[{octicon}`download` `linux-x64`](https://github.com/kdeldycke/meta-package-manager/releases/download/v6.6.0/mpm-6.6.0-linux-x64.bin),2026-06-17,[{octicon}`shield-check;1em;sd-text-success`](https://www.virustotal.com/gui/file/ba03db774666e7f6fdbb218f84c0ca9733005f1dd319a1e069a57004038e2df3)
[`6.6.0` {octicon}`link-external`](https://github.com/kdeldycke/meta-package-manager/releases/tag/v6.6.0),[{octicon}`download` `macos-arm64`](https://github.com/kdeldycke/meta-package-manager/releases/download/v6.6.0/mpm-6.6.0-macos-arm64.bin),2026-06-17,[{octicon}`shield;1em;sd-text-warning` 3.3%](https://www.virustotal.com/gui/file/dadf2f2ea4d7891b5452f292d9fc604ef2c228231b4faf4b8a89a3e5c581235a)
[`6.6.0` {octicon}`link-external`](https://github.com/kdeldycke/meta-package-manager/releases/tag/v6.6.0),[{octicon}`download` `macos-x64`](https://github.com/kdeldycke/meta-package-manager/releases/download/v6.6.0/mpm-6.6.0-macos-x64.bin),2026-06-17,[{octicon}`shield;1em;sd-text-warning` 1.9%](https://www.virustotal.com/gui/file/1b24d108ffc44dfb21b47d018245480fbb56390ab0b28996b849e629aca146fe)
[`6.6.0` {octicon}`link-external`](https://github.com/kdeldycke/meta-package-manager/releases/tag/v6.6.0),[{octicon}`download` `windows-arm64`](https://github.com/kdeldycke/meta-package-manager/releases/download/v6.6.0/mpm-6.6.0-windows-arm64.exe),2026-06-17,[{octicon}`shield;1em;sd-text-warning` 3.0%](https://www.virustotal.com/gui/file/4d38ad3cfc100d9e5e0153459c86bc227b186c1282781362e33e4bdda40d6051)
[`6.6.0` {octicon}`link-external`](https://github.com/kdeldycke/meta-package-manager/releases/tag/v6.6.0),[{octicon}`download` `windows-x64`](https://github.com/kdeldycke/meta-package-manager/releases/download/v6.6.0/mpm-6.6.0-windows-x64.exe),2026-06-17,[{octicon}`shield;1em;sd-text-danger` 26.5%](https://www.virustotal.com/gui/file/f1d3cc20def764956556a5bdd51b6f4303655f0321b460fece714214565954e2)
[`6.5.1` {octicon}`link-external`](https://github.com/kdeldycke/meta-package-manager/releases/tag/v6.5.1),[{octicon}`download` `linux-arm64`](https://github.com/kdeldycke/meta-package-manager/releases/download/v6.5.1/mpm-6.5.1-linux-arm64.bin),2026-05-28,[{octicon}`shield-check;1em;sd-text-success`](https://www.virustotal.com/gui/file/504bc4f367e114514db71d9e0e867fa19b5d078c031a440b2e46926db3998a4f)
[`6.5.1` {octicon}`link-external`](https://github.com/kdeldycke/meta-package-manager/releases/tag/v6.5.1),[{octicon}`download` `linux-x64`](https://github.com/kdeldycke/meta-package-manager/releases/download/v6.5.1/mpm-6.5.1-linux-x64.bin),2026-05-28,[{octicon}`shield;1em;sd-text-warning` 1.7%](https://www.virustotal.com/gui/file/d7911abeede2b239479221767bd998803604093928247a53aeb26025faa93022)
[`6.5.1` {octicon}`link-external`](https://github.com/kdeldycke/meta-package-manager/releases/tag/v6.5.1),[{octicon}`download` `macos-arm64`](https://github.com/kdeldycke/meta-package-manager/releases/download/v6.5.1/mpm-6.5.1-macos-arm64.bin),2026-05-28,[{octicon}`shield;1em;sd-text-warning` 1.6%](https://www.virustotal.com/gui/file/77594dc1060ae03cc418e02bab05324f4fa008dd8a2453890b02c0f8f763dbef)
[`6.5.1` {octicon}`link-external`](https://github.com/kdeldycke/meta-package-manager/releases/tag/v6.5.1),[{octicon}`download` `macos-x64`](https://github.com/kdeldycke/meta-package-manager/releases/download/v6.5.1/mpm-6.5.1-macos-x64.bin),2026-05-28,[{octicon}`shield;1em;sd-text-warning` 1.6%](https://www.virustotal.com/gui/file/69343afd6670be94d31ce3a75a0ab3095eb95c8d2f5817300e3400f3fbba5477)
[`6.5.1` {octicon}`link-external`](https://github.com/kdeldycke/meta-package-manager/releases/tag/v6.5.1),[{octicon}`download` `windows-arm64`](https://github.com/kdeldycke/meta-package-manager/releases/download/v6.5.1/mpm-6.5.1-windows-arm64.exe),2026-05-28,[{octicon}`shield;1em;sd-text-warning` 2.9%](https://www.virustotal.com/gui/file/000c21ec9b2377b75967245a887899d9b873c6815342250943bc9fad52eabeae)
[`6.5.1` {octicon}`link-external`](https://github.com/kdeldycke/meta-package-manager/releases/tag/v6.5.1),[{octicon}`download` `windows-x64`](https://github.com/kdeldycke/meta-package-manager/releases/download/v6.5.1/mpm-6.5.1-windows-x64.exe),2026-05-28,[{octicon}`shield;1em;sd-text-warning` 7.0%](https://www.virustotal.com/gui/file/993415438cbc9460f2ba36076c4802d3ece9c5934db817ee122bb0afafadfa35)
[`6.5.0` {octicon}`link-external`](https://github.com/kdeldycke/meta-package-manager/releases/tag/v6.5.0),[{octicon}`download` `linux-arm64`](https://github.com/kdeldycke/meta-package-manager/releases/download/v6.5.0/mpm-6.5.0-linux-arm64.bin),2026-05-25,[{octicon}`shield-check;1em;sd-text-success`](https://www.virustotal.com/gui/file/42458ebf866b9eb438860c965c8ca24bedc7103e39f6eec044b4e7fec860ed7e)
[`6.5.0` {octicon}`link-external`](https://github.com/kdeldycke/meta-package-manager/releases/tag/v6.5.0),[{octicon}`download` `linux-x64`](https://github.com/kdeldycke/meta-package-manager/releases/download/v6.5.0/mpm-6.5.0-linux-x64.bin),2026-05-25,[{octicon}`shield-check;1em;sd-text-success`](https://www.virustotal.com/gui/file/42add7166951ecae7bad6bd1e9d84b14a6dcd64e753ac80d049cc3af6d1cbbe8)
[`6.5.0` {octicon}`link-external`](https://github.com/kdeldycke/meta-package-manager/releases/tag/v6.5.0),[{octicon}`download` `macos-arm64`](https://github.com/kdeldycke/meta-package-manager/releases/download/v6.5.0/mpm-6.5.0-macos-arm64.bin),2026-05-25,[{octicon}`shield-check;1em;sd-text-success`](https://www.virustotal.com/gui/file/996836ebb76df1ac20ea5c459e2c39b29c7911a347bdf05f298a802f3674e072)
[`6.5.0` {octicon}`link-external`](https://github.com/kdeldycke/meta-package-manager/releases/tag/v6.5.0),[{octicon}`download` `macos-x64`](https://github.com/kdeldycke/meta-package-manager/releases/download/v6.5.0/mpm-6.5.0-macos-x64.bin),2026-05-25,[{octicon}`shield;1em;sd-text-warning` 1.7%](https://www.virustotal.com/gui/file/420e0eb353801f74d08256a752aef86b154b7bc0487bfcb7ebc3632a1053b671)
[`6.5.0` {octicon}`link-external`](https://github.com/kdeldycke/meta-package-manager/releases/tag/v6.5.0),[{octicon}`download` `windows-arm64`](https://github.com/kdeldycke/meta-package-manager/releases/download/v6.5.0/mpm-6.5.0-windows-arm64.exe),2026-05-25,[{octicon}`shield;1em;sd-text-warning` 1.5%](https://www.virustotal.com/gui/file/fa0039451e619a42437f6c015a9f8d148db78130a34ef2a15a228352385064e0)
[`6.5.0` {octicon}`link-external`](https://github.com/kdeldycke/meta-package-manager/releases/tag/v6.5.0),[{octicon}`download` `windows-x64`](https://github.com/kdeldycke/meta-package-manager/releases/download/v6.5.0/mpm-6.5.0-windows-x64.exe),2026-05-25,[{octicon}`shield;1em;sd-text-warning` 4.8%](https://www.virustotal.com/gui/file/238b7ef665ae80f010f4a3fb671bfd570d819b11d04d85373b2897014d2d3174)
[`6.4.3` {octicon}`link-external`](https://github.com/kdeldycke/meta-package-manager/releases/tag/v6.4.3),[{octicon}`download` `linux-arm64`](https://github.com/kdeldycke/meta-package-manager/releases/download/v6.4.3/mpm-6.4.3-linux-arm64.bin),2026-05-11,[{octicon}`shield-check;1em;sd-text-success`](https://www.virustotal.com/gui/file/fa6fee2cef56bb4c015493c64841be2a9478ed16a27593cec4919663b21b8cee)
[`6.4.3` {octicon}`link-external`](https://github.com/kdeldycke/meta-package-manager/releases/tag/v6.4.3),[{octicon}`download` `linux-x64`](https://github.com/kdeldycke/meta-package-manager/releases/download/v6.4.3/mpm-6.4.3-linux-x64.bin),2026-05-11,[{octicon}`shield-check;1em;sd-text-success`](https://www.virustotal.com/gui/file/95d4ce16a4e6c1a269daf95bee3227c1d46de0aa1ddab29f6892d77df1c693bf)
[`6.4.3` {octicon}`link-external`](https://github.com/kdeldycke/meta-package-manager/releases/tag/v6.4.3),[{octicon}`download` `macos-arm64`](https://github.com/kdeldycke/meta-package-manager/releases/download/v6.4.3/mpm-6.4.3-macos-arm64.bin),2026-05-11,[{octicon}`shield;1em;sd-text-warning` 8.1%](https://www.virustotal.com/gui/file/1767dce72f83835b63c22ca8029c6dce1052d9b4b6af7388a4831b09f7141f4f)
[`6.4.3` {octicon}`link-external`](https://github.com/kdeldycke/meta-package-manager/releases/tag/v6.4.3),[{octicon}`download` `macos-x64`](https://github.com/kdeldycke/meta-package-manager/releases/download/v6.4.3/mpm-6.4.3-macos-x64.bin),2026-05-11,[{octicon}`shield-check;1em;sd-text-success`](https://www.virustotal.com/gui/file/841ece8b9a3e84f83967856233d857d5ca8acc63d1de9862406fad7b2096d4cf)
[`6.4.3` {octicon}`link-external`](https://github.com/kdeldycke/meta-package-manager/releases/tag/v6.4.3),[{octicon}`download` `windows-arm64`](https://github.com/kdeldycke/meta-package-manager/releases/download/v6.4.3/mpm-6.4.3-windows-arm64.exe),2026-05-11,[{octicon}`shield;1em;sd-text-warning` 2.9%](https://www.virustotal.com/gui/file/3b1b94e0e8139e31955214103848cd7de2c0d1292f49b0ce8148f01f8ff5b4b3)
[`6.4.3` {octicon}`link-external`](https://github.com/kdeldycke/meta-package-manager/releases/tag/v6.4.3),[{octicon}`download` `windows-x64`](https://github.com/kdeldycke/meta-package-manager/releases/download/v6.4.3/mpm-6.4.3-windows-x64.exe),2026-05-11,[{octicon}`shield;1em;sd-text-danger` 32.9%](https://www.virustotal.com/gui/file/fb5902fe74cbc7a7c802d62acdc56b40ff89ddd43652931c2dbb641956dfe6fe)
[`6.4.2` {octicon}`link-external`](https://github.com/kdeldycke/meta-package-manager/releases/tag/v6.4.2),[{octicon}`download` `linux-arm64`](https://github.com/kdeldycke/meta-package-manager/releases/download/v6.4.2/mpm-6.4.2-linux-arm64.bin),2026-05-11,[{octicon}`shield-check;1em;sd-text-success`](https://www.virustotal.com/gui/file/f451f3dd10affae6f5ddbf2d167212e554db1fa9bb358fb17b9d4d53cd50ad86)
[`6.4.2` {octicon}`link-external`](https://github.com/kdeldycke/meta-package-manager/releases/tag/v6.4.2),[{octicon}`download` `linux-x64`](https://github.com/kdeldycke/meta-package-manager/releases/download/v6.4.2/mpm-6.4.2-linux-x64.bin),2026-05-11,[{octicon}`shield-check;1em;sd-text-success`](https://www.virustotal.com/gui/file/63e6d17059f209a7cc60756796db76aa69e4946f4c61660e617566c99850a0b0)
[`6.4.2` {octicon}`link-external`](https://github.com/kdeldycke/meta-package-manager/releases/tag/v6.4.2),[{octicon}`download` `macos-x64`](https://github.com/kdeldycke/meta-package-manager/releases/download/v6.4.2/mpm-6.4.2-macos-x64.bin),2026-05-11,[{octicon}`shield;1em;sd-text-warning` 1.6%](https://www.virustotal.com/gui/file/adfa53a6b351225e7a5a0d1facd5433cb61d1e1a0da00ae1f4dd2e71462f8371)
[`6.4.2` {octicon}`link-external`](https://github.com/kdeldycke/meta-package-manager/releases/tag/v6.4.2),[{octicon}`download` `windows-arm64`](https://github.com/kdeldycke/meta-package-manager/releases/download/v6.4.2/mpm-6.4.2-windows-arm64.exe),2026-05-11,[{octicon}`shield;1em;sd-text-warning` 2.9%](https://www.virustotal.com/gui/file/bf502e1c5d7e6bf457e113c9109e0da68e3841d7278fa78001dfb12290e9bbc7)
[`6.4.2` {octicon}`link-external`](https://github.com/kdeldycke/meta-package-manager/releases/tag/v6.4.2),[{octicon}`download` `windows-x64`](https://github.com/kdeldycke/meta-package-manager/releases/download/v6.4.2/mpm-6.4.2-windows-x64.exe),2026-05-11,[{octicon}`shield;1em;sd-text-danger` 32.4%](https://www.virustotal.com/gui/file/e475388a2ee78c73061bae4be54994581e03172f5d4d66d7a37b98e91c64299c)
[`6.4.1` {octicon}`link-external`](https://github.com/kdeldycke/meta-package-manager/releases/tag/v6.4.1),[{octicon}`download` `linux-arm64`](https://github.com/kdeldycke/meta-package-manager/releases/download/v6.4.1/mpm-6.4.1-linux-arm64.bin),2026-05-04,[{octicon}`shield-check;1em;sd-text-success`](https://www.virustotal.com/gui/file/4921cd67f85c2190edf0dbc6543cc138224dfebf33a99f8fdd5211c47ea841f8)
[`6.4.1` {octicon}`link-external`](https://github.com/kdeldycke/meta-package-manager/releases/tag/v6.4.1),[{octicon}`download` `linux-x64`](https://github.com/kdeldycke/meta-package-manager/releases/download/v6.4.1/mpm-6.4.1-linux-x64.bin),2026-05-04,[{octicon}`shield-check;1em;sd-text-success`](https://www.virustotal.com/gui/file/eea91183e36d253d5207eba56db0dce39919d1b7721c0ff7c2fee521066af0ee)
[`6.4.1` {octicon}`link-external`](https://github.com/kdeldycke/meta-package-manager/releases/tag/v6.4.1),[{octicon}`download` `macos-arm64`](https://github.com/kdeldycke/meta-package-manager/releases/download/v6.4.1/mpm-6.4.1-macos-arm64.bin),2026-05-04,[{octicon}`shield;1em;sd-text-warning` 6.6%](https://www.virustotal.com/gui/file/aa7235399a1933ddfa624ce82ce76eff575ae6a14aaeca256e61a35295bea172)
[`6.4.1` {octicon}`link-external`](https://github.com/kdeldycke/meta-package-manager/releases/tag/v6.4.1),[{octicon}`download` `macos-x64`](https://github.com/kdeldycke/meta-package-manager/releases/download/v6.4.1/mpm-6.4.1-macos-x64.bin),2026-05-04,[{octicon}`shield;1em;sd-text-warning` 1.6%](https://www.virustotal.com/gui/file/b5b094b86612071ef150ced64d0a455d6a53a691cc19adb1b01adaa8dc81e0e2)
[`6.4.1` {octicon}`link-external`](https://github.com/kdeldycke/meta-package-manager/releases/tag/v6.4.1),[{octicon}`download` `windows-arm64`](https://github.com/kdeldycke/meta-package-manager/releases/download/v6.4.1/mpm-6.4.1-windows-arm64.exe),2026-05-04,[{octicon}`shield;1em;sd-text-warning` 2.9%](https://www.virustotal.com/gui/file/4a540f9e5c78e2a24ad125171a26198183180d5002269fd367d9db900e53fbda)
[`6.4.1` {octicon}`link-external`](https://github.com/kdeldycke/meta-package-manager/releases/tag/v6.4.1),[{octicon}`download` `windows-x64`](https://github.com/kdeldycke/meta-package-manager/releases/download/v6.4.1/mpm-6.4.1-windows-x64.exe),2026-05-04,[{octicon}`shield;1em;sd-text-danger` 33.3%](https://www.virustotal.com/gui/file/98c041e6a551f306558e12599583ce5f2a793012a14eeab1d88ec94bde9ec5bc)
[`6.3.0` {octicon}`link-external`](https://github.com/kdeldycke/meta-package-manager/releases/tag/v6.3.0),[{octicon}`download` `linux-arm64`](https://github.com/kdeldycke/meta-package-manager/releases/download/v6.3.0/meta-package-manager-6.3.0-linux-arm64.bin),2026-04-09,
[`6.3.0` {octicon}`link-external`](https://github.com/kdeldycke/meta-package-manager/releases/tag/v6.3.0),[{octicon}`download` `linux-x64`](https://github.com/kdeldycke/meta-package-manager/releases/download/v6.3.0/meta-package-manager-6.3.0-linux-x64.bin),2026-04-09,
[`6.3.0` {octicon}`link-external`](https://github.com/kdeldycke/meta-package-manager/releases/tag/v6.3.0),[{octicon}`download` `macos-arm64`](https://github.com/kdeldycke/meta-package-manager/releases/download/v6.3.0/meta-package-manager-6.3.0-macos-arm64.bin),2026-04-09,
[`6.3.0` {octicon}`link-external`](https://github.com/kdeldycke/meta-package-manager/releases/tag/v6.3.0),[{octicon}`download` `macos-x64`](https://github.com/kdeldycke/meta-package-manager/releases/download/v6.3.0/meta-package-manager-6.3.0-macos-x64.bin),2026-04-09,
[`6.3.0` {octicon}`link-external`](https://github.com/kdeldycke/meta-package-manager/releases/tag/v6.3.0),[{octicon}`download` `windows-arm64`](https://github.com/kdeldycke/meta-package-manager/releases/download/v6.3.0/meta-package-manager-6.3.0-windows-arm64.exe),2026-04-09,
[`6.3.0` {octicon}`link-external`](https://github.com/kdeldycke/meta-package-manager/releases/tag/v6.3.0),[{octicon}`download` `windows-x64`](https://github.com/kdeldycke/meta-package-manager/releases/download/v6.3.0/meta-package-manager-6.3.0-windows-x64.exe),2026-04-09,
[`6.3.0` {octicon}`link-external`](https://github.com/kdeldycke/meta-package-manager/releases/tag/v6.3.0),[{octicon}`download` `linux-arm64`](https://github.com/kdeldycke/meta-package-manager/releases/download/v6.3.0/mpm-6.3.0-linux-arm64.bin),2026-04-09,
[`6.3.0` {octicon}`link-external`](https://github.com/kdeldycke/meta-package-manager/releases/tag/v6.3.0),[{octicon}`download` `linux-x64`](https://github.com/kdeldycke/meta-package-manager/releases/download/v6.3.0/mpm-6.3.0-linux-x64.bin),2026-04-09,
[`6.3.0` {octicon}`link-external`](https://github.com/kdeldycke/meta-package-manager/releases/tag/v6.3.0),[{octicon}`download` `macos-arm64`](https://github.com/kdeldycke/meta-package-manager/releases/download/v6.3.0/mpm-6.3.0-macos-arm64.bin),2026-04-09,
[`6.3.0` {octicon}`link-external`](https://github.com/kdeldycke/meta-package-manager/releases/tag/v6.3.0),[{octicon}`download` `macos-x64`](https://github.com/kdeldycke/meta-package-manager/releases/download/v6.3.0/mpm-6.3.0-macos-x64.bin),2026-04-09,
[`6.3.0` {octicon}`link-external`](https://github.com/kdeldycke/meta-package-manager/releases/tag/v6.3.0),[{octicon}`download` `windows-arm64`](https://github.com/kdeldycke/meta-package-manager/releases/download/v6.3.0/mpm-6.3.0-windows-arm64.exe),2026-04-09,
[`6.3.0` {octicon}`link-external`](https://github.com/kdeldycke/meta-package-manager/releases/tag/v6.3.0),[{octicon}`download` `windows-x64`](https://github.com/kdeldycke/meta-package-manager/releases/download/v6.3.0/mpm-6.3.0-windows-x64.exe),2026-04-09,
[`6.2.1` {octicon}`link-external`](https://github.com/kdeldycke/meta-package-manager/releases/tag/v6.2.1),[{octicon}`download` `linux-arm64`](https://github.com/kdeldycke/meta-package-manager/releases/download/v6.2.1/meta-package-manager-6.2.1-linux-arm64.bin),2026-03-26,
[`6.2.1` {octicon}`link-external`](https://github.com/kdeldycke/meta-package-manager/releases/tag/v6.2.1),[{octicon}`download` `linux-x64`](https://github.com/kdeldycke/meta-package-manager/releases/download/v6.2.1/meta-package-manager-6.2.1-linux-x64.bin),2026-03-26,
[`6.2.1` {octicon}`link-external`](https://github.com/kdeldycke/meta-package-manager/releases/tag/v6.2.1),[{octicon}`download` `macos-arm64`](https://github.com/kdeldycke/meta-package-manager/releases/download/v6.2.1/meta-package-manager-6.2.1-macos-arm64.bin),2026-03-26,
[`6.2.1` {octicon}`link-external`](https://github.com/kdeldycke/meta-package-manager/releases/tag/v6.2.1),[{octicon}`download` `macos-x64`](https://github.com/kdeldycke/meta-package-manager/releases/download/v6.2.1/meta-package-manager-6.2.1-macos-x64.bin),2026-03-26,
[`6.2.1` {octicon}`link-external`](https://github.com/kdeldycke/meta-package-manager/releases/tag/v6.2.1),[{octicon}`download` `windows-arm64`](https://github.com/kdeldycke/meta-package-manager/releases/download/v6.2.1/meta-package-manager-6.2.1-windows-arm64.exe),2026-03-26,
[`6.2.1` {octicon}`link-external`](https://github.com/kdeldycke/meta-package-manager/releases/tag/v6.2.1),[{octicon}`download` `windows-x64`](https://github.com/kdeldycke/meta-package-manager/releases/download/v6.2.1/meta-package-manager-6.2.1-windows-x64.exe),2026-03-26,
[`6.2.1` {octicon}`link-external`](https://github.com/kdeldycke/meta-package-manager/releases/tag/v6.2.1),[{octicon}`download` `linux-arm64`](https://github.com/kdeldycke/meta-package-manager/releases/download/v6.2.1/mpm-6.2.1-linux-arm64.bin),2026-03-26,
[`6.2.1` {octicon}`link-external`](https://github.com/kdeldycke/meta-package-manager/releases/tag/v6.2.1),[{octicon}`download` `linux-x64`](https://github.com/kdeldycke/meta-package-manager/releases/download/v6.2.1/mpm-6.2.1-linux-x64.bin),2026-03-26,
[`6.2.1` {octicon}`link-external`](https://github.com/kdeldycke/meta-package-manager/releases/tag/v6.2.1),[{octicon}`download` `macos-arm64`](https://github.com/kdeldycke/meta-package-manager/releases/download/v6.2.1/mpm-6.2.1-macos-arm64.bin),2026-03-26,
[`6.2.1` {octicon}`link-external`](https://github.com/kdeldycke/meta-package-manager/releases/tag/v6.2.1),[{octicon}`download` `macos-x64`](https://github.com/kdeldycke/meta-package-manager/releases/download/v6.2.1/mpm-6.2.1-macos-x64.bin),2026-03-26,
[`6.2.1` {octicon}`link-external`](https://github.com/kdeldycke/meta-package-manager/releases/tag/v6.2.1),[{octicon}`download` `windows-arm64`](https://github.com/kdeldycke/meta-package-manager/releases/download/v6.2.1/mpm-6.2.1-windows-arm64.exe),2026-03-26,
[`6.2.1` {octicon}`link-external`](https://github.com/kdeldycke/meta-package-manager/releases/tag/v6.2.1),[{octicon}`download` `windows-x64`](https://github.com/kdeldycke/meta-package-manager/releases/download/v6.2.1/mpm-6.2.1-windows-x64.exe),2026-03-26,
[`6.2.0` {octicon}`link-external`](https://github.com/kdeldycke/meta-package-manager/releases/tag/v6.2.0),[{octicon}`download` `linux-arm64`](https://github.com/kdeldycke/meta-package-manager/releases/download/v6.2.0/meta-package-manager-6.2.0-linux-arm64.bin),2026-03-25,
[`6.2.0` {octicon}`link-external`](https://github.com/kdeldycke/meta-package-manager/releases/tag/v6.2.0),[{octicon}`download` `linux-x64`](https://github.com/kdeldycke/meta-package-manager/releases/download/v6.2.0/meta-package-manager-6.2.0-linux-x64.bin),2026-03-25,
[`6.2.0` {octicon}`link-external`](https://github.com/kdeldycke/meta-package-manager/releases/tag/v6.2.0),[{octicon}`download` `macos-arm64`](https://github.com/kdeldycke/meta-package-manager/releases/download/v6.2.0/meta-package-manager-6.2.0-macos-arm64.bin),2026-03-25,
[`6.2.0` {octicon}`link-external`](https://github.com/kdeldycke/meta-package-manager/releases/tag/v6.2.0),[{octicon}`download` `macos-x64`](https://github.com/kdeldycke/meta-package-manager/releases/download/v6.2.0/meta-package-manager-6.2.0-macos-x64.bin),2026-03-25,
[`6.2.0` {octicon}`link-external`](https://github.com/kdeldycke/meta-package-manager/releases/tag/v6.2.0),[{octicon}`download` `windows-arm64`](https://github.com/kdeldycke/meta-package-manager/releases/download/v6.2.0/meta-package-manager-6.2.0-windows-arm64.exe),2026-03-25,
[`6.2.0` {octicon}`link-external`](https://github.com/kdeldycke/meta-package-manager/releases/tag/v6.2.0),[{octicon}`download` `windows-x64`](https://github.com/kdeldycke/meta-package-manager/releases/download/v6.2.0/meta-package-manager-6.2.0-windows-x64.exe),2026-03-25,
[`6.2.0` {octicon}`link-external`](https://github.com/kdeldycke/meta-package-manager/releases/tag/v6.2.0),[{octicon}`download` `linux-arm64`](https://github.com/kdeldycke/meta-package-manager/releases/download/v6.2.0/mpm-6.2.0-linux-arm64.bin),2026-03-25,
[`6.2.0` {octicon}`link-external`](https://github.com/kdeldycke/meta-package-manager/releases/tag/v6.2.0),[{octicon}`download` `linux-x64`](https://github.com/kdeldycke/meta-package-manager/releases/download/v6.2.0/mpm-6.2.0-linux-x64.bin),2026-03-25,
[`6.2.0` {octicon}`link-external`](https://github.com/kdeldycke/meta-package-manager/releases/tag/v6.2.0),[{octicon}`download` `macos-arm64`](https://github.com/kdeldycke/meta-package-manager/releases/download/v6.2.0/mpm-6.2.0-macos-arm64.bin),2026-03-25,
[`6.2.0` {octicon}`link-external`](https://github.com/kdeldycke/meta-package-manager/releases/tag/v6.2.0),[{octicon}`download` `macos-x64`](https://github.com/kdeldycke/meta-package-manager/releases/download/v6.2.0/mpm-6.2.0-macos-x64.bin),2026-03-25,
[`6.2.0` {octicon}`link-external`](https://github.com/kdeldycke/meta-package-manager/releases/tag/v6.2.0),[{octicon}`download` `windows-arm64`](https://github.com/kdeldycke/meta-package-manager/releases/download/v6.2.0/mpm-6.2.0-windows-arm64.exe),2026-03-25,
[`6.2.0` {octicon}`link-external`](https://github.com/kdeldycke/meta-package-manager/releases/tag/v6.2.0),[{octicon}`download` `windows-x64`](https://github.com/kdeldycke/meta-package-manager/releases/download/v6.2.0/mpm-6.2.0-windows-x64.exe),2026-03-25,
[`6.1.1` {octicon}`link-external`](https://github.com/kdeldycke/meta-package-manager/releases/tag/v6.1.1),[{octicon}`download` `linux-arm64`](https://github.com/kdeldycke/meta-package-manager/releases/download/v6.1.1/mpm-linux-arm64.bin),2026-02-06,
[`6.1.1` {octicon}`link-external`](https://github.com/kdeldycke/meta-package-manager/releases/tag/v6.1.1),[{octicon}`download` `linux-x64`](https://github.com/kdeldycke/meta-package-manager/releases/download/v6.1.1/mpm-linux-x64.bin),2026-02-06,
[`6.1.1` {octicon}`link-external`](https://github.com/kdeldycke/meta-package-manager/releases/tag/v6.1.1),[{octicon}`download` `macos-arm64`](https://github.com/kdeldycke/meta-package-manager/releases/download/v6.1.1/mpm-macos-arm64.bin),2026-02-06,
[`6.1.1` {octicon}`link-external`](https://github.com/kdeldycke/meta-package-manager/releases/tag/v6.1.1),[{octicon}`download` `macos-x64`](https://github.com/kdeldycke/meta-package-manager/releases/download/v6.1.1/mpm-macos-x64.bin),2026-02-06,
[`6.1.1` {octicon}`link-external`](https://github.com/kdeldycke/meta-package-manager/releases/tag/v6.1.1),[{octicon}`download` `windows-arm64`](https://github.com/kdeldycke/meta-package-manager/releases/download/v6.1.1/mpm-windows-arm64.exe),2026-02-06,
[`6.1.1` {octicon}`link-external`](https://github.com/kdeldycke/meta-package-manager/releases/tag/v6.1.1),[{octicon}`download` `windows-x64`](https://github.com/kdeldycke/meta-package-manager/releases/download/v6.1.1/mpm-windows-x64.exe),2026-02-06,
[`6.1.0` {octicon}`link-external`](https://github.com/kdeldycke/meta-package-manager/releases/tag/v6.1.0),[{octicon}`download` `linux-arm64`](https://github.com/kdeldycke/meta-package-manager/releases/download/v6.1.0/mpm-linux-arm64.bin),2026-01-18,
[`6.1.0` {octicon}`link-external`](https://github.com/kdeldycke/meta-package-manager/releases/tag/v6.1.0),[{octicon}`download` `linux-x64`](https://github.com/kdeldycke/meta-package-manager/releases/download/v6.1.0/mpm-linux-x64.bin),2026-01-18,
[`6.1.0` {octicon}`link-external`](https://github.com/kdeldycke/meta-package-manager/releases/tag/v6.1.0),[{octicon}`download` `macos-arm64`](https://github.com/kdeldycke/meta-package-manager/releases/download/v6.1.0/mpm-macos-arm64.bin),2026-01-18,
[`6.1.0` {octicon}`link-external`](https://github.com/kdeldycke/meta-package-manager/releases/tag/v6.1.0),[{octicon}`download` `macos-x64`](https://github.com/kdeldycke/meta-package-manager/releases/download/v6.1.0/mpm-macos-x64.bin),2026-01-18,
[`6.1.0` {octicon}`link-external`](https://github.com/kdeldycke/meta-package-manager/releases/tag/v6.1.0),[{octicon}`download` `windows-arm64`](https://github.com/kdeldycke/meta-package-manager/releases/download/v6.1.0/mpm-windows-arm64.exe),2026-01-18,
[`6.1.0` {octicon}`link-external`](https://github.com/kdeldycke/meta-package-manager/releases/tag/v6.1.0),[{octicon}`download` `windows-x64`](https://github.com/kdeldycke/meta-package-manager/releases/download/v6.1.0/mpm-windows-x64.exe),2026-01-18,
[`6.0.2` {octicon}`link-external`](https://github.com/kdeldycke/meta-package-manager/releases/tag/v6.0.2),[{octicon}`download` `linux-arm64`](https://github.com/kdeldycke/meta-package-manager/releases/download/v6.0.2/mpm-linux-arm64.bin),2026-01-09,
[`6.0.2` {octicon}`link-external`](https://github.com/kdeldycke/meta-package-manager/releases/tag/v6.0.2),[{octicon}`download` `linux-x64`](https://github.com/kdeldycke/meta-package-manager/releases/download/v6.0.2/mpm-linux-x64.bin),2026-01-09,
[`6.0.2` {octicon}`link-external`](https://github.com/kdeldycke/meta-package-manager/releases/tag/v6.0.2),[{octicon}`download` `macos-arm64`](https://github.com/kdeldycke/meta-package-manager/releases/download/v6.0.2/mpm-macos-arm64.bin),2026-01-09,
[`6.0.2` {octicon}`link-external`](https://github.com/kdeldycke/meta-package-manager/releases/tag/v6.0.2),[{octicon}`download` `macos-x64`](https://github.com/kdeldycke/meta-package-manager/releases/download/v6.0.2/mpm-macos-x64.bin),2026-01-09,
[`6.0.2` {octicon}`link-external`](https://github.com/kdeldycke/meta-package-manager/releases/tag/v6.0.2),[{octicon}`download` `windows-arm64`](https://github.com/kdeldycke/meta-package-manager/releases/download/v6.0.2/mpm-windows-arm64.exe),2026-01-09,
[`6.0.2` {octicon}`link-external`](https://github.com/kdeldycke/meta-package-manager/releases/tag/v6.0.2),[{octicon}`download` `windows-x64`](https://github.com/kdeldycke/meta-package-manager/releases/download/v6.0.2/mpm-windows-x64.exe),2026-01-09,
[`6.0.1` {octicon}`link-external`](https://github.com/kdeldycke/meta-package-manager/releases/tag/v6.0.1),[{octicon}`download` `linux-arm64`](https://github.com/kdeldycke/meta-package-manager/releases/download/v6.0.1/mpm-linux-arm64.bin),2026-01-02,
[`6.0.1` {octicon}`link-external`](https://github.com/kdeldycke/meta-package-manager/releases/tag/v6.0.1),[{octicon}`download` `linux-x64`](https://github.com/kdeldycke/meta-package-manager/releases/download/v6.0.1/mpm-linux-x64.bin),2026-01-02,
[`6.0.1` {octicon}`link-external`](https://github.com/kdeldycke/meta-package-manager/releases/tag/v6.0.1),[{octicon}`download` `macos-arm64`](https://github.com/kdeldycke/meta-package-manager/releases/download/v6.0.1/mpm-macos-arm64.bin),2026-01-02,
[`6.0.1` {octicon}`link-external`](https://github.com/kdeldycke/meta-package-manager/releases/tag/v6.0.1),[{octicon}`download` `macos-x64`](https://github.com/kdeldycke/meta-package-manager/releases/download/v6.0.1/mpm-macos-x64.bin),2026-01-02,
[`6.0.1` {octicon}`link-external`](https://github.com/kdeldycke/meta-package-manager/releases/tag/v6.0.1),[{octicon}`download` `windows-arm64`](https://github.com/kdeldycke/meta-package-manager/releases/download/v6.0.1/mpm-windows-arm64.exe),2026-01-02,
[`6.0.1` {octicon}`link-external`](https://github.com/kdeldycke/meta-package-manager/releases/tag/v6.0.1),[{octicon}`download` `windows-x64`](https://github.com/kdeldycke/meta-package-manager/releases/download/v6.0.1/mpm-windows-x64.exe),2026-01-02,
[`6.0.0` {octicon}`link-external`](https://github.com/kdeldycke/meta-package-manager/releases/tag/v6.0.0),[{octicon}`download` `linux-arm64`](https://github.com/kdeldycke/meta-package-manager/releases/download/v6.0.0/mpm-linux-arm64.bin),2025-12-08,
[`6.0.0` {octicon}`link-external`](https://github.com/kdeldycke/meta-package-manager/releases/tag/v6.0.0),[{octicon}`download` `linux-x64`](https://github.com/kdeldycke/meta-package-manager/releases/download/v6.0.0/mpm-linux-x64.bin),2025-12-08,
[`6.0.0` {octicon}`link-external`](https://github.com/kdeldycke/meta-package-manager/releases/tag/v6.0.0),[{octicon}`download` `macos-arm64`](https://github.com/kdeldycke/meta-package-manager/releases/download/v6.0.0/mpm-macos-arm64.bin),2025-12-08,
[`6.0.0` {octicon}`link-external`](https://github.com/kdeldycke/meta-package-manager/releases/tag/v6.0.0),[{octicon}`download` `macos-x64`](https://github.com/kdeldycke/meta-package-manager/releases/download/v6.0.0/mpm-macos-x64.bin),2025-12-08,
[`6.0.0` {octicon}`link-external`](https://github.com/kdeldycke/meta-package-manager/releases/tag/v6.0.0),[{octicon}`download` `windows-arm64`](https://github.com/kdeldycke/meta-package-manager/releases/download/v6.0.0/mpm-windows-arm64.exe),2025-12-08,
[`6.0.0` {octicon}`link-external`](https://github.com/kdeldycke/meta-package-manager/releases/tag/v6.0.0),[{octicon}`download` `windows-x64`](https://github.com/kdeldycke/meta-package-manager/releases/download/v6.0.0/mpm-windows-x64.exe),2025-12-08,
[`5.21.0` {octicon}`link-external`](https://github.com/kdeldycke/meta-package-manager/releases/tag/v5.21.0),[{octicon}`download` `linux-arm64`](https://github.com/kdeldycke/meta-package-manager/releases/download/v5.21.0/mpm-linux-arm64.bin),2025-05-29,
[`5.21.0` {octicon}`link-external`](https://github.com/kdeldycke/meta-package-manager/releases/tag/v5.21.0),[{octicon}`download` `linux-x64`](https://github.com/kdeldycke/meta-package-manager/releases/download/v5.21.0/mpm-linux-x64.bin),2025-05-29,
[`5.21.0` {octicon}`link-external`](https://github.com/kdeldycke/meta-package-manager/releases/tag/v5.21.0),[{octicon}`download` `macos-arm64`](https://github.com/kdeldycke/meta-package-manager/releases/download/v5.21.0/mpm-macos-arm64.bin),2025-05-29,
[`5.21.0` {octicon}`link-external`](https://github.com/kdeldycke/meta-package-manager/releases/tag/v5.21.0),[{octicon}`download` `macos-x64`](https://github.com/kdeldycke/meta-package-manager/releases/download/v5.21.0/mpm-macos-x64.bin),2025-05-29,
[`5.21.0` {octicon}`link-external`](https://github.com/kdeldycke/meta-package-manager/releases/tag/v5.21.0),[{octicon}`download` `windows-x64`](https://github.com/kdeldycke/meta-package-manager/releases/download/v5.21.0/mpm-windows-x64.exe),2025-05-29,
[`5.20.0` {octicon}`link-external`](https://github.com/kdeldycke/meta-package-manager/releases/tag/v5.20.0),[{octicon}`download` `linux-x64`](https://github.com/kdeldycke/meta-package-manager/releases/download/v5.20.0/mpm-linux-x64.bin),2024-11-25,
[`5.20.0` {octicon}`link-external`](https://github.com/kdeldycke/meta-package-manager/releases/tag/v5.20.0),[{octicon}`download` `macos-arm64`](https://github.com/kdeldycke/meta-package-manager/releases/download/v5.20.0/mpm-macos-arm64.bin),2024-11-25,
[`5.20.0` {octicon}`link-external`](https://github.com/kdeldycke/meta-package-manager/releases/tag/v5.20.0),[{octicon}`download` `macos-x64`](https://github.com/kdeldycke/meta-package-manager/releases/download/v5.20.0/mpm-macos-x64.bin),2024-11-25,
[`5.20.0` {octicon}`link-external`](https://github.com/kdeldycke/meta-package-manager/releases/tag/v5.20.0),[{octicon}`download` `windows-x64`](https://github.com/kdeldycke/meta-package-manager/releases/download/v5.20.0/mpm-windows-x64.exe),2024-11-25,
[`5.19.0` {octicon}`link-external`](https://github.com/kdeldycke/meta-package-manager/releases/tag/v5.19.0),[{octicon}`download` `linux-x64`](https://github.com/kdeldycke/meta-package-manager/releases/download/v5.19.0/mpm-linux-x64.bin),2024-11-14,
[`5.19.0` {octicon}`link-external`](https://github.com/kdeldycke/meta-package-manager/releases/tag/v5.19.0),[{octicon}`download` `macos-arm64`](https://github.com/kdeldycke/meta-package-manager/releases/download/v5.19.0/mpm-macos-arm64.bin),2024-11-14,
[`5.19.0` {octicon}`link-external`](https://github.com/kdeldycke/meta-package-manager/releases/tag/v5.19.0),[{octicon}`download` `macos-x64`](https://github.com/kdeldycke/meta-package-manager/releases/download/v5.19.0/mpm-macos-x64.bin),2024-11-14,
[`5.19.0` {octicon}`link-external`](https://github.com/kdeldycke/meta-package-manager/releases/tag/v5.19.0),[{octicon}`download` `windows-x64`](https://github.com/kdeldycke/meta-package-manager/releases/download/v5.19.0/mpm-windows-x64.exe),2024-11-14,
[`5.18.0` {octicon}`link-external`](https://github.com/kdeldycke/meta-package-manager/releases/tag/v5.18.0),[{octicon}`download` `linux-x64`](https://github.com/kdeldycke/meta-package-manager/releases/download/v5.18.0/mpm-linux-x64.bin),2024-08-02,
[`5.18.0` {octicon}`link-external`](https://github.com/kdeldycke/meta-package-manager/releases/tag/v5.18.0),[{octicon}`download` `macos-arm64`](https://github.com/kdeldycke/meta-package-manager/releases/download/v5.18.0/mpm-macos-arm64.bin),2024-08-02,
[`5.18.0` {octicon}`link-external`](https://github.com/kdeldycke/meta-package-manager/releases/tag/v5.18.0),[{octicon}`download` `macos-x64`](https://github.com/kdeldycke/meta-package-manager/releases/download/v5.18.0/mpm-macos-x64.bin),2024-08-02,
[`5.18.0` {octicon}`link-external`](https://github.com/kdeldycke/meta-package-manager/releases/tag/v5.18.0),[{octicon}`download` `windows-x64`](https://github.com/kdeldycke/meta-package-manager/releases/download/v5.18.0/mpm-windows-x64.exe),2024-08-02,
[`5.17.0` {octicon}`link-external`](https://github.com/kdeldycke/meta-package-manager/releases/tag/v5.17.0),[{octicon}`download` `linux-x64`](https://github.com/kdeldycke/meta-package-manager/releases/download/v5.17.0/mpm-linux-x64.bin),2024-07-08,
[`5.17.0` {octicon}`link-external`](https://github.com/kdeldycke/meta-package-manager/releases/tag/v5.17.0),[{octicon}`download` `macos-arm64`](https://github.com/kdeldycke/meta-package-manager/releases/download/v5.17.0/mpm-macos-arm64.bin),2024-07-08,
[`5.17.0` {octicon}`link-external`](https://github.com/kdeldycke/meta-package-manager/releases/tag/v5.17.0),[{octicon}`download` `macos-x64`](https://github.com/kdeldycke/meta-package-manager/releases/download/v5.17.0/mpm-macos-x64.bin),2024-07-08,
[`5.17.0` {octicon}`link-external`](https://github.com/kdeldycke/meta-package-manager/releases/tag/v5.17.0),[{octicon}`download` `windows-x64`](https://github.com/kdeldycke/meta-package-manager/releases/download/v5.17.0/mpm-windows-x64.exe),2024-07-08,
[`5.16.0` {octicon}`link-external`](https://github.com/kdeldycke/meta-package-manager/releases/tag/v5.16.0),[{octicon}`download` `linux-x64`](https://github.com/kdeldycke/meta-package-manager/releases/download/v5.16.0/mpm-linux-x64.bin),2024-05-24,
[`5.16.0` {octicon}`link-external`](https://github.com/kdeldycke/meta-package-manager/releases/tag/v5.16.0),[{octicon}`download` `macos-arm64`](https://github.com/kdeldycke/meta-package-manager/releases/download/v5.16.0/mpm-macos-arm64.bin),2024-05-24,
[`5.16.0` {octicon}`link-external`](https://github.com/kdeldycke/meta-package-manager/releases/tag/v5.16.0),[{octicon}`download` `macos-x64`](https://github.com/kdeldycke/meta-package-manager/releases/download/v5.16.0/mpm-macos-x64.bin),2024-05-24,
[`5.16.0` {octicon}`link-external`](https://github.com/kdeldycke/meta-package-manager/releases/tag/v5.16.0),[{octicon}`download` `windows-x64`](https://github.com/kdeldycke/meta-package-manager/releases/download/v5.16.0/mpm-windows-x64.exe),2024-05-24,
[`5.15.0` {octicon}`link-external`](https://github.com/kdeldycke/meta-package-manager/releases/tag/v5.15.0),[{octicon}`download` `linux-x64`](https://github.com/kdeldycke/meta-package-manager/releases/download/v5.15.0/mpm-linux-x64.bin),2024-02-25,
[`5.15.0` {octicon}`link-external`](https://github.com/kdeldycke/meta-package-manager/releases/tag/v5.15.0),[{octicon}`download` `macos-arm64`](https://github.com/kdeldycke/meta-package-manager/releases/download/v5.15.0/mpm-macos-arm64.bin),2024-02-25,
[`5.15.0` {octicon}`link-external`](https://github.com/kdeldycke/meta-package-manager/releases/tag/v5.15.0),[{octicon}`download` `macos-x64`](https://github.com/kdeldycke/meta-package-manager/releases/download/v5.15.0/mpm-macos-x64.bin),2024-02-25,
[`5.15.0` {octicon}`link-external`](https://github.com/kdeldycke/meta-package-manager/releases/tag/v5.15.0),[{octicon}`download` `windows-x64`](https://github.com/kdeldycke/meta-package-manager/releases/download/v5.15.0/mpm-windows-x64.exe),2024-02-25,
[`5.14.2` {octicon}`link-external`](https://github.com/kdeldycke/meta-package-manager/releases/tag/v5.14.2),[{octicon}`download` `linux-x64`](https://github.com/kdeldycke/meta-package-manager/releases/download/v5.14.2/mpm-linux-x64.bin),2024-01-17,
[`5.14.2` {octicon}`link-external`](https://github.com/kdeldycke/meta-package-manager/releases/tag/v5.14.2),[{octicon}`download` `macos-x64`](https://github.com/kdeldycke/meta-package-manager/releases/download/v5.14.2/mpm-macos-x64.bin),2024-01-17,
[`5.14.2` {octicon}`link-external`](https://github.com/kdeldycke/meta-package-manager/releases/tag/v5.14.2),[{octicon}`download` `windows-x64`](https://github.com/kdeldycke/meta-package-manager/releases/download/v5.14.2/mpm-windows-x64.exe),2024-01-17,
[`5.14.1` {octicon}`link-external`](https://github.com/kdeldycke/meta-package-manager/releases/tag/v5.14.1),[{octicon}`download` `linux-x64`](https://github.com/kdeldycke/meta-package-manager/releases/download/v5.14.1/mpm-linux-x64.bin),2024-01-16,
[`5.14.1` {octicon}`link-external`](https://github.com/kdeldycke/meta-package-manager/releases/tag/v5.14.1),[{octicon}`download` `macos-x64`](https://github.com/kdeldycke/meta-package-manager/releases/download/v5.14.1/mpm-macos-x64.bin),2024-01-16,
[`5.14.1` {octicon}`link-external`](https://github.com/kdeldycke/meta-package-manager/releases/tag/v5.14.1),[{octicon}`download` `windows-x64`](https://github.com/kdeldycke/meta-package-manager/releases/download/v5.14.1/mpm-windows-x64.exe),2024-01-16,
[`5.14.0` {octicon}`link-external`](https://github.com/kdeldycke/meta-package-manager/releases/tag/v5.14.0),[{octicon}`download` `linux-x64`](https://github.com/kdeldycke/meta-package-manager/releases/download/v5.14.0/mpm-linux-x64.bin),2024-01-13,
[`5.14.0` {octicon}`link-external`](https://github.com/kdeldycke/meta-package-manager/releases/tag/v5.14.0),[{octicon}`download` `macos-x64`](https://github.com/kdeldycke/meta-package-manager/releases/download/v5.14.0/mpm-macos-x64.bin),2024-01-13,
[`5.14.0` {octicon}`link-external`](https://github.com/kdeldycke/meta-package-manager/releases/tag/v5.14.0),[{octicon}`download` `windows-x64`](https://github.com/kdeldycke/meta-package-manager/releases/download/v5.14.0/mpm-windows-x64.exe),2024-01-13,
[`5.13.1` {octicon}`link-external`](https://github.com/kdeldycke/meta-package-manager/releases/tag/v5.13.1),[{octicon}`download` `linux-x64`](https://github.com/kdeldycke/meta-package-manager/releases/download/v5.13.1/mpm-linux-x64.bin),2023-05-06,
[`5.13.1` {octicon}`link-external`](https://github.com/kdeldycke/meta-package-manager/releases/tag/v5.13.1),[{octicon}`download` `macos-x64`](https://github.com/kdeldycke/meta-package-manager/releases/download/v5.13.1/mpm-macos-x64.bin),2023-05-06,
[`5.13.1` {octicon}`link-external`](https://github.com/kdeldycke/meta-package-manager/releases/tag/v5.13.1),[{octicon}`download` `windows-x64`](https://github.com/kdeldycke/meta-package-manager/releases/download/v5.13.1/mpm-windows-x64.exe),2023-05-06,
[`5.13.0` {octicon}`link-external`](https://github.com/kdeldycke/meta-package-manager/releases/tag/v5.13.0),[{octicon}`download` `linux-x64`](https://github.com/kdeldycke/meta-package-manager/releases/download/v5.13.0/mpm-linux-x64.bin),2023-04-04,
[`5.13.0` {octicon}`link-external`](https://github.com/kdeldycke/meta-package-manager/releases/tag/v5.13.0),[{octicon}`download` `macos-x64`](https://github.com/kdeldycke/meta-package-manager/releases/download/v5.13.0/mpm-macos-x64.bin),2023-04-04,
[`5.13.0` {octicon}`link-external`](https://github.com/kdeldycke/meta-package-manager/releases/tag/v5.13.0),[{octicon}`download` `windows-x64`](https://github.com/kdeldycke/meta-package-manager/releases/download/v5.13.0/mpm-windows-x64.exe),2023-04-04,
[`5.12.0` {octicon}`link-external`](https://github.com/kdeldycke/meta-package-manager/releases/tag/v5.12.0),[{octicon}`download` `linux-x64`](https://github.com/kdeldycke/meta-package-manager/releases/download/v5.12.0/mpm-linux-x64.bin),2023-02-25,
[`5.12.0` {octicon}`link-external`](https://github.com/kdeldycke/meta-package-manager/releases/tag/v5.12.0),[{octicon}`download` `macos-x64`](https://github.com/kdeldycke/meta-package-manager/releases/download/v5.12.0/mpm-macos-x64.bin),2023-02-25,
[`5.12.0` {octicon}`link-external`](https://github.com/kdeldycke/meta-package-manager/releases/tag/v5.12.0),[{octicon}`download` `windows-x64`](https://github.com/kdeldycke/meta-package-manager/releases/download/v5.12.0/mpm-windows-x64.exe),2023-02-25,
[`5.11.7` {octicon}`link-external`](https://github.com/kdeldycke/meta-package-manager/releases/tag/v5.11.7),[{octicon}`download` `linux-x64`](https://github.com/kdeldycke/meta-package-manager/releases/download/v5.11.7/mpm-linux-x64.bin),2023-02-20,
[`5.11.7` {octicon}`link-external`](https://github.com/kdeldycke/meta-package-manager/releases/tag/v5.11.7),[{octicon}`download` `macos-x64`](https://github.com/kdeldycke/meta-package-manager/releases/download/v5.11.7/mpm-macos-x64.bin),2023-02-20,
[`5.11.7` {octicon}`link-external`](https://github.com/kdeldycke/meta-package-manager/releases/tag/v5.11.7),[{octicon}`download` `windows-x64`](https://github.com/kdeldycke/meta-package-manager/releases/download/v5.11.7/mpm-windows-x64.exe),2023-02-20,
[`5.11.6` {octicon}`link-external`](https://github.com/kdeldycke/meta-package-manager/releases/tag/v5.11.6),[{octicon}`download` `linux-x64`](https://github.com/kdeldycke/meta-package-manager/releases/download/v5.11.6/mpm-linux-x64.bin),2023-02-12,
[`5.11.6` {octicon}`link-external`](https://github.com/kdeldycke/meta-package-manager/releases/tag/v5.11.6),[{octicon}`download` `macos-x64`](https://github.com/kdeldycke/meta-package-manager/releases/download/v5.11.6/mpm-macos-x64.bin),2023-02-12,
[`5.11.6` {octicon}`link-external`](https://github.com/kdeldycke/meta-package-manager/releases/tag/v5.11.6),[{octicon}`download` `windows-x64`](https://github.com/kdeldycke/meta-package-manager/releases/download/v5.11.6/mpm-windows-x64.exe),2023-02-12,
[`5.11.0` {octicon}`link-external`](https://github.com/kdeldycke/meta-package-manager/releases/tag/v5.11.0),[{octicon}`download` `mpm_linux_x64-build-ed0293b.bin`](https://github.com/kdeldycke/meta-package-manager/releases/download/v5.11.0/mpm_linux_x64-build-ed0293b.bin),2023-01-30,
[`5.11.0` {octicon}`link-external`](https://github.com/kdeldycke/meta-package-manager/releases/tag/v5.11.0),[{octicon}`download` `mpm_macos_x64-build-ed0293b.bin`](https://github.com/kdeldycke/meta-package-manager/releases/download/v5.11.0/mpm_macos_x64-build-ed0293b.bin),2023-01-30,
[`5.11.0` {octicon}`link-external`](https://github.com/kdeldycke/meta-package-manager/releases/tag/v5.11.0),[{octicon}`download` `mpm_windows_x64-build-ed0293b.exe`](https://github.com/kdeldycke/meta-package-manager/releases/download/v5.11.0/mpm_windows_x64-build-ed0293b.exe),2023-01-30,
[`5.10.2` {octicon}`link-external`](https://github.com/kdeldycke/meta-package-manager/releases/tag/v5.10.2),[{octicon}`download` `mpm_linux_x64-build-a942e79.bin`](https://github.com/kdeldycke/meta-package-manager/releases/download/v5.10.2/mpm_linux_x64-build-a942e79.bin),2022-12-19,
[`5.10.2` {octicon}`link-external`](https://github.com/kdeldycke/meta-package-manager/releases/tag/v5.10.2),[{octicon}`download` `mpm_macos_x64-build-a942e79.bin`](https://github.com/kdeldycke/meta-package-manager/releases/download/v5.10.2/mpm_macos_x64-build-a942e79.bin),2022-12-19,
[`5.10.2` {octicon}`link-external`](https://github.com/kdeldycke/meta-package-manager/releases/tag/v5.10.2),[{octicon}`download` `mpm_windows_x64-build-a942e79.exe`](https://github.com/kdeldycke/meta-package-manager/releases/download/v5.10.2/mpm_windows_x64-build-a942e79.exe),2022-12-19,
